method,n_subjects,mean_accuracy,std_accuracy,worst_accuracy,mean_kappa,std_kappa,worst_kappa,mean_delta_vs_baseline,delta_ci95_low,delta_ci95_high,neg_transfer_rate_vs_baseline,n_pos,n_neg,n_zero,p_wilcoxon_two_sided,p_wilcoxon_greater,p_sign_greater,accept_rate,p_wilcoxon_two_sided_holm,p_sign_greater_holm
lea-csp-lda,9,0.6828703703703703,0.1649853710078713,0.4236111111111111,0.5771604938271605,0.21998049467716174,0.2314814814814815,0.0027006172839505954,-0.002314814814814831,0.008101851851851812,0.2222222222222222,5,2,2,0.578125,0.2890625,0.2265625,,1.0,0.6796875
ea-csp-lda,9,0.6801697530864198,0.16222603891322324,0.4166666666666667,0.5735596707818931,0.216301385217631,0.2222222222222222,0.0,0.0,0.0,0.0,0,0,9,,,,,,
lea-rot-csp-lda,9,0.6759259259259259,0.16852801757670247,0.4201388888888889,0.5679012345679013,0.22470402343560328,0.22685185185185186,-0.0042438271604938365,-0.012731481481481474,0.00347222222222221,0.5555555555555556,4,5,0,0.5703125,0.751953125,0.74609375,,1.0,1.0
csp-lda,9,0.6257716049382717,0.14643948286160752,0.3958333333333333,0.5010288065843622,0.19525264381547666,0.19444444444444442,-0.05439814814814817,-0.09336419753086422,-0.023533950617283986,0.8888888888888888,1,8,0,0.0078125,0.998046875,0.998046875,,0.0234375,1.0
