method,n_subjects,mean_accuracy,worst_accuracy,accept_rate,mean_delta_vs_ea,neg_transfer_rate_vs_ea
ea-csp-lda,14,0.5843929188891063,0.3568181818181818,,,
ea-fbcsp-lda,14,0.5971143247331332,0.37272727272727274,1.0,0.012721405844026886,0.2857142857142857
ea-fbcsp-pred-disagree-safe,14,0.6111540804328766,0.3568181818181818,0.5,0.026761161543770236,0.0
