method,n_subjects,mean_accuracy,std_accuracy,worst_accuracy,mean_kappa,std_kappa,worst_kappa,mean_delta_vs_baseline,delta_ci95_low,delta_ci95_high,neg_transfer_rate_vs_baseline,n_pos,n_neg,n_zero,p_wilcoxon_two_sided,p_wilcoxon_greater,p_sign_greater,accept_rate,p_wilcoxon_two_sided_holm,p_sign_greater_holm
ea-stack-multi-safe-csp-lda,14,0.6088542972775544,0.1137405664322172,0.3568181818181818,0.4784435015263568,0.15164859870741212,0.14242424242424245,0.024461378388448078,-0.009056218248017351,0.05471464718282812,0.21428571428571427,9,3,2,0.12939453125,0.064697265625,0.072998046875,0.8571428571428571,0.2587890625,0.14599609375
ea-fbcsp-lda,14,0.6023607907840478,0.10533114780606623,0.38181818181818183,0.46978549286834814,0.14043368377920656,0.17575757575757578,0.017967871894941582,-0.020630850546036663,0.05273248228455195,0.2857142857142857,10,4,0,0.2957763671875,0.14788818359375,0.08978271484375,,0.2957763671875,0.14599609375
ea-csp-lda,14,0.5843929188891063,0.12525992861606403,0.3568181818181818,0.44584919168095727,0.16702482238537786,0.14242424242424245,0.0,0.0,0.0,0.0,0,0,14,,,,,,
