method,n_subjects,mean_accuracy,std_accuracy,worst_accuracy,mean_kappa,std_kappa,worst_kappa,mean_delta_vs_baseline,delta_ci95_low,delta_ci95_high,neg_transfer_rate_vs_baseline,n_pos,n_neg,n_zero,p_wilcoxon_two_sided,p_wilcoxon_greater,p_sign_greater,accept_rate,p_wilcoxon_two_sided_holm,p_sign_greater_holm
ea-fbcsp-pred-disagree-safe,14,0.6111540804328766,0.1369077514345495,0.3568181818181818,0.48152952307620156,0.18255709060443143,0.14242424242424245,0.026761161543770236,0.011194783477392176,0.04381313131313129,0.0,7,0,7,0.015625,0.0078125,0.0078125,0.5,0.03125,0.0390625
ea-fbcsp-lda,14,0.5971143247331332,0.11800659590956597,0.37272727272727274,0.46278261822843386,0.1573600975066153,0.1636363636363637,0.012721405844026886,-0.02999666958849996,0.04714789547054052,0.2857142857142857,10,4,0,0.267578125,0.1337890625,0.08978271484375,1.0,0.267578125,0.359130859375
ea-csp-lda,14,0.5843929188891063,0.12525992861606403,0.3568181818181818,0.44584919168095727,0.16702482238537786,0.14242424242424245,0.0,0.0,0.0,0.0,0,0,14,,,,,,
rpa-csp-lda,14,0.504872506648037,0.09437159257323896,0.32386363636363635,0.3398154882736247,0.125866325970001,0.09848484848484851,-0.07952041224106932,-0.1076432557281548,-0.05156961544708972,1.0,0,14,0,0.0001220703125,1.0,1.0,,0.0006103515625,1.0
fbcsp-lda,14,0.4506276716256025,0.1419981446617634,0.25975473801560756,0.2675573018720126,0.1892982823842239,0.01278423923582972,-0.13376524726350383,-0.22322948028653306,-0.052594448975959475,0.7857142857142857,3,11,0,0.0067138671875,0.99737548828125,0.9935302734375,,0.0201416015625,1.0
tsa-csp-lda,14,0.41043139166552095,0.11926511035208419,0.2318181818181818,0.2139881179373075,0.15895631951309047,-0.024242424242424176,-0.17396152722358535,-0.2282175814689666,-0.12451782531355945,1.0,0,14,0,0.0001220703125,1.0,1.0,,0.0006103515625,1.0
